GenusSpecies,NestLoc,Excavate,Sociality,Lecty,MeanITD,SDITD,ITDCV,Specimen1,Specimen2,Specimen3,Specimen4,Specimen5,Neal,InKremen,PredForDist_Typical,CILow_Typical,CIHigh_Typical,PredForDist_Feeder,CILow_Feeder,CIHigh_Feeder,PredForDist_HomingMax,CILow_HomingMax,CIHigh_HomingMax,abun.net,abun.pan,num.occ.net,num.occ.pan,d,GenusSpecies
Agapostemon texanus,below,ex,solitary,polylectic,1.980487805,0.101153372,0.051074979,1.902439024,2.146341463,1.902439024,2,1.951219512,yes,yes,0.506179152,0.197043035,1.300311549,0.929074857,0.43677468,1.860136118,0.69484612,0.289509939,1.606786413,33,430,25,148,0.151829751,Agapostemon texanus
Andrena angustitarsata,below,ex,solitary,polylectic,1.804878049,0.124366329,0.068905669,1.804878049,1.951219512,1.609756098,1.804878049,1.853658537,yes,yes,0.444148627,0.181599871,1.086278321,0.846338321,0.416848107,1.718344262,0.606654106,0.265381859,1.342848348,5,0,5,0,0.676219444,Andrena angustitarsata
Andrena anisochlora,below,ex,solitary,polylectic,1.93442623,NA,NA,1.93442623,NA,NA,NA,NA,yes,no,0.489682598,0.193009011,1.24237229,0.907370135,0.431636023,1.907441726,0.671349517,0.283194762,1.535348156,0,0,0,0,NA,Andrena anisochlora
Andrena astragali,below,ex,solitary,polylectic,2.556,0.13885244,0.054324116,2.32,2.6,2.62,2.56,2.68,yes,no,NA,NA,NA,NA,NA,NA,NA,NA,NA,0,3,0,2,NA,Andrena astragali
Andrena atypica,below,ex,solitary,oligolectic,1.377049181,0.046367658,0.033671752,1.409836066,1.344262295,NA,NA,NA,yes,no,0.303453807,0.143163734,0.643209078,0.644932306,0.363819819,1.184495282,0.408486608,0.205944805,0.796064598,0,0,0,0,NA,Andrena atypica
Andrena auricoma,below,ex,solitary,polylectic,1.619512195,0.053436347,0.032995335,1.609756098,1.707317073,1.609756098,1.609756098,1.56097561,yes,yes,0.381297126,0.165099603,0.880604772,0.759044941,0.394737982,1.446351175,0.517775926,0.23975233,1.089108848,10,2,7,2,0.437427469,Andrena auricoma
Andrena caerulea,below,ex,solitary,oligolectic,1.668292683,0.072353156,0.043369582,1.756097561,1.658536585,1.56097561,1.658536585,1.707317073,yes,yes,0.397566373,0.169462947,0.93270549,0.782012701,0.400673363,1.648877383,0.540731934,0.246513999,1.153396987,0,2,0,2,NA,Andrena caerulea
Andrena candida,below,ex,solitary,polylectic,1.648780488,0.139686059,0.084720835,1.56097561,1.463414634,1.756097561,1.804878049,1.658536585,yes,yes,0.391035052,0.167719487,0.911691387,0.772825227,0.398309701,1.380847906,0.531511798,0.243810842,1.127468252,35,1,23,1,0.545697342,Andrena candida
Andrena cerasifolii,below,ex,solitary,polylectic,2.563739771,0.22367017,0.087243711,2.585365854,2.682926829,2.829268293,2.487804878,2.233333,yes,yes,0.728017142,0.247229272,2.143795326,1.204091601,0.497318816,2.952423404,1.013358117,0.368744961,2.646105762,20,2,12,2,0.296069553,Andrena cerasifolii
Andrena cercocarpi,below,ex,solitary,polylectic,1.658536585,0.048780488,0.029411765,1.609756098,1.658536585,1.707317073,NA,NA,yes,no,0.394296794,0.168591528,0.922169484,0.777418903,0.39949326,1.446351175,0.536115604,0.24516267,1.140397059,0,1,0,1,NA,Andrena cercocarpi
Andrena chalybioides,below,ex,solitary,oligolectic,1.746341464,0.093831142,0.053730123,1.756097561,1.804878049,1.853658537,1.707317073,1.609756098,yes,no,0.424001941,0.176412448,1.019075739,0.8187674,0.409993314,1.648877383,0.578108779,0.257307024,1.259953464,0,0,0,0,NA,Andrena chalybioides
Andrena chlorogaster,below,ex,solitary,polylectic,1.23902439,0.073979273,0.059707681,1.12195122,1.268292683,1.317073171,1.219512195,1.268292683,yes,yes,0.261522461,0.13047073,0.524209511,0.580012111,0.34499908,0.839717079,0.350045124,0.186535507,0.649083025,11,3,10,2,0.297999141,Andrena chlorogaster
Andrena chlorura,below,ex,solitary,polylectic,1.84,NA,NA,1.84,NA,NA,NA,NA,no,yes,0.456365791,0.184702524,1.127595501,0.862882823,0.420908015,1.768953644,0.623988583,0.270218838,1.393807641,0,1,0,1,NA,Andrena chlorura
Andrena cressonii infasciata,below,ex,solitary,polylectic,2.146341463,0.12906104,0.060130712,1.951219512,2.195121951,2.292682927,2.097560976,2.195121951,yes,yes,0.56686594,0.211476458,1.519492985,1.007245482,0.454802158,1.932436534,0.781529965,0.312174187,1.876971791,10,1,7,1,0.567112504,Andrena cressonii infasciata
Andrena cuneilabris,below,ex,solitary,oligolectic,1.783606557,0.459952208,0.257877616,1.803278689,2.06557377,0.983606557,2,2.06557377,yes,no,0.436796247,0.179717213,1.061617628,0.836318905,0.414370123,1.716051418,0.596230845,0.262449492,1.312430574,0,0,0,0,NA,Andrena cuneilabris
Andrena hypoleuca,below,ex,solitary,NA,1.757554808,0.04620174,0.02628751,1.704918033,1.8072289,1.7831325,1.7349398,NA,yes,no,0.427840242,0.177407766,1.031788384,0.824048602,0.41131517,1.577036973,0.583543243,0.258855149,1.275635522,0,0,0,0,NA,Andrena hypoleuca
Andrena knuthiana,below,ex,solitary,polylectic,1.36487636,0.33314189,0.244082101,1.686747,1.766667,1.0967742,1.0967742,1.1774194,no,yes,0.299683763,0.142050715,0.632241505,0.63920557,0.362198837,1.551790172,0.40321881,0.204238136,0.78252081,11,0,7,0,0.524947474,Andrena knuthiana
Andrena lewisorum,below,ex,solitary,oligolectic,1.832,0.086717934,0.047335117,1.68,1.88,1.84,1.88,1.88,yes,no,NA,NA,NA,NA,NA,NA,NA,NA,NA,0,0,0,0,NA,Andrena lewisorum
Andrena melanochroa,NA,NA,solitary,NA,NA,NA,NA,NA,NA,NA,NA,NA,no,yes,NA,NA,NA,NA,NA,NA,NA,NA,NA,2,0,2,0,0.559991646,Andrena melanochroa
Andrena microchlora,below,ex,solitary,polylectic,1.228658537,0.054150732,0.044073052,1.268292683,1.28125,1.1875,1.15625,1.25,yes,yes,0.258447153,0.129510769,0.515748087,0.575137792,0.343544486,1.010014998,0.345772383,0.185072532,0.63862928,0,1,0,1,NA,Andrena microchlora
Andrena misella,below,ex,solitary,polylectic,1.926829268,0.034493014,0.017901438,1.902439024,1.951219512,NA,NA,NA,yes,no,0.486977074,0.192342567,1.232939093,0.903790586,0.430782682,1.860136118,0.667498809,0.282152295,1.523716465,2,0,2,0,0.592879839,Andrena misella
Andrena miserabilis,below,ex,solitary,polylectic,1.49032256,0.131330358,0.088122103,1.4516129,1.3709677,1.3709677,1.6129032,1.6451613,yes,no,0.339179658,0.153465311,0.749634166,0.69823279,0.378574862,1.237754239,0.458525858,0.221781822,0.927462633,0,0,0,0,NA,Andrena miserabilis
Andrena nigrocaerulea,below,ex,solitary,polylectic,1.912195122,0.13536036,0.070787944,2.048780488,1.707317073,1.951219512,2,1.853658537,yes,yes,0.481777645,0.191057889,1.214865825,0.896895424,0.42913415,2.079788382,0.660100888,0.280143446,1.501430494,1,4,1,4,0,Andrena nigrocaerulea
Andrena orthocarpi,below,ex,solitary,polylectic,1.482926829,0.140535222,0.094768818,1.512195122,1.658536585,1.56097561,1.365853659,1.317073171,yes,yes,0.336812171,0.152795679,0.742445333,0.694752174,0.377628881,1.316372653,0.45520336,0.220750177,0.918588309,1,1,1,1,0,Andrena orthocarpi
Andrena pallidifovea,below,ex,solitary,oligolectic,2.009756098,0.116461818,0.057948235,1.804878049,2.048780488,2.048780488,2.097560976,2.048780488,yes,no,0.516743198,0.199600412,1.337790488,0.94286759,0.440009045,1.718344262,0.709908304,0.293517904,1.652993572,0,0,0,0,NA,Andrena pallidifovea
Andrena pensilis,below,ex,solitary,oligolectic,1.639344262,NA,NA,1.639344262,NA,NA,NA,NA,yes,no,0.387887734,0.166875444,0.901611948,0.768382281,0.397161631,1.486576956,0.527070889,0.242502858,1.11503103,0,0,0,0,NA,Andrena pensilis
Andrena piperi,below,ex,solitary,polylectic,1.375609756,0.053436347,0.038845571,1.365853659,1.317073171,1.365853659,1.365853659,1.463414634,yes,yes,0.303007292,0.143032183,0.641907416,0.644255113,0.363628512,1.129281583,0.407862571,0.205743042,0.794457212,8,3,6,1,0.333786471,Andrena piperi
Andrena plana,below,ex,solitary,oligolectic,1.924,0.115238882,0.059895469,1.9,2,2.08,1.8,1.84,yes,no,NA,NA,NA,NA,NA,NA,NA,NA,NA,0,0,0,0,NA,Andrena plana
Andrena prunorum,below,ex,solitary,polylectic,2.572,0.075630682,0.029405397,2.52,2.62,2.68,2.5,2.54,yes,no,NA,NA,NA,NA,NA,NA,NA,NA,NA,0,0,0,0,NA,Andrena prunorum
Andrena scurra,below,ex,solitary,polylectic,1.96104424,0.148428884,0.075688698,2,2.166667,1.9759036,1.7590361,1.9036145,no,yes,0.499196298,0.195341588,1.275698364,0.919912553,0.434612869,2.005657676,0.684896572,0.286845307,1.576439607,5,0,4,0,0.101760821,Andrena scurra
Andrena semipunctata,below,ex,solitary,oligolectic,1.950819672,0.115919144,0.059420738,1.868852459,2.032786885,NA,NA,NA,yes,no,0.495535602,0.194446049,1.262846606,0.915094641,0.433471787,1.810896736,0.679682737,0.285443422,1.560593523,1,0,1,0,0.425364354,Andrena semipunctata
Andrena sola,below,ex,solitary,polylectic,2.328,0.110995495,0.047678477,2.42,2.24,2.42,2.18,2.38,yes,no,NA,NA,NA,NA,NA,NA,NA,NA,NA,0,0,0,0,NA,Andrena sola
Andrena sp. 1,below,ex,solitary,NA,1.442622951,NA,NA,1.442622951,NA,NA,NA,NA,yes,no,0.323995225,0.149139278,0.703858212,0.67578555,0.372431923,1.226227079,0.437231905,0.215122386,0.870950727,0,0,0,0,NA,Andrena sp. 1
Andrena sp. 4M,below,ex,solitary,NA,NA,NA,NA,NA,NA,NA,NA,NA,yes,no,NA,NA,NA,NA,NA,NA,NA,NA,NA,0,0,0,0,NA,Andrena sp. 4M
Andrena suavis,below,ex,solitary,oligolectic,1.508196721,NA,NA,1.508196721,NA,NA,NA,NA,yes,no,0.344921236,0.155082038,0.767146605,0.706645139,0.380851538,1.311133876,0.466587179,0.2242738,0.949080237,0,0,0,0,NA,Andrena suavis
Andrena subaustralis,below,ex,solitary,oligolectic,2.109944665,0.093111508,0.044129834,2.163934426,2.1204819,1.959184,2.102041,2.204082,yes,no,0.553378422,0.208320949,1.469980232,0.990088422,0.450907029,2.258332085,0.762232545,0.307210211,1.815945453,1,0,1,0,0.52490755,Andrena subaustralis
Andrena subchalybea,below,ex,solitary,oligolectic,1.56097561,0.119487305,0.076546555,1.609756098,1.707317073,1.609756098,1.463414634,1.414634146,yes,yes,0.362036665,0.15984251,0.81999805,0.731487768,0.387496952,1.446351175,0.490647825,0.23162139,1.014314203,3,17,2,14,0.372379001,Andrena subchalybea
Andrena subtilis,below,ex,solitary,polylectic,2.204878049,0.139686059,0.06335319,2.048780488,2.390243902,2.195121951,2.097560976,2.292682927,yes,no,0.588753781,0.216537914,1.600786705,1.034841753,0.46099842,2.079788382,0.812883461,0.320146655,1.977159766,0,0,0,0,NA,Andrena subtilis
Andrena w-scripta,below,ex,solitary,polylectic,1.736585366,0.184465077,0.106222867,1.707317073,1.853658537,1.951219512,1.707317073,1.463414634,yes,yes,0.420670621,0.17554585,1.008077217,0.81417265,0.408839805,1.580380416,0.573393648,0.25595958,1.246385558,1,3,1,3,0.723140138,Andrena w-scripta
Anthidiellum ehrhorni,above,rent,solitary,polylectic,2.390243903,0.068986027,0.028861501,2.43902439,2.341463415,NA,NA,NA,yes,no,0.659620687,0.232460968,1.87170971,1.122251407,0.480098537,2.70436081,0.914696017,0.3453069,2.310971212,0,0,0,0,NA,Anthidiellum ehrhorni
Anthidiellum notatum robertsoni,above,rent,solitary,polylectic,2.183739771,0.113762942,0.052095466,2.243902439,2.195121951,2.097560976,2.048780488,2.333333,yes,yes,0.580822117,0.214712058,1.571194159,1.024876015,0.458770416,2.385197118,0.801516416,0.317269251,1.940690684,50,0,15,0,0.392280003,Anthidiellum notatum robertsoni
Anthidium manicatum,above,rent,solitary,polylectic,2.241171223,NA,NA,NA,NA,NA,NA,NA,no,yes,NA,NA,NA,NA,NA,NA,NA,NA,NA,1,0,1,0,0.365981333,Anthidium manicatum
Anthidium mormonum,above,rent,solitary,polylectic,2.292682927,NA,NA,2.292682927,NA,NA,NA,NA,yes,no,0.622031365,0.224099809,1.726565588,1.076242346,0.47014146,2.463721425,0.86063731,0.332080571,2.132149842,0,0,0,0,NA,Anthidium mormonum
Anthidium utahense,above,rent,solitary,polylectic,2.098018293,0.093740085,0.044680299,2,2.048780488,2.097560976,2.25,2.09375,yes,no,0.548979409,0.207285536,1.453928708,0.984466748,0.449623432,2.005657676,0.755942476,0.305582467,1.796160361,0,1,0,1,NA,Anthidium utahense
Anthophora bomboides stanfordiana,below,ex,solitary,polylectic,4.312,0.279141541,0.064735979,4.52,4.56,4.44,3.92,4.12,yes,no,1.513808278,0.39046763,5.86890007,2.029951607,0.645944298,6.848434541,2.166967403,0.600277487,7.227696969,0,0,0,0,NA,Anthophora bomboides stanfordiana
Anthophora californica,below,ex,solitary,polylectic,3.58,0.083666003,0.023370392,3.6,3.5,3.5,3.6,3.7,yes,no,1.164962354,0.331561902,4.093164138,1.683931841,0.58824988,4.861062681,1.650982009,0.504231179,5.044908256,0,0,0,0,NA,Anthophora californica
Anthophora curta,below,ex,solitary,polylectic,2.682926829,NA,NA,2.682926829,NA,NA,NA,NA,yes,yes,0.776118411,0.25730433,2.341040233,1.260328272,0.508814903,3.121817664,1.082959224,0.38478823,2.888996721,0,3,0,2,NA,Anthophora curta
Anthophora edwardsii,below,ex,solitary,polylectic,4.08,0.31144823,0.076335351,4,3.6,4.1,4.3,4.4,yes,no,1.400403275,0.37193959,5.272709291,1.920253017,0.628225858,5.697024665,1.998670299,0.569956425,6.495032966,0,1,0,1,NA,Anthophora edwardsii
Anthophora pacifica,below,ex,solitary,polylectic,4.467828128,0.268996183,0.06020737,4.243902439,4.2857143,4.7619048,4.2857143,4.7619048,yes,no,1.591397748,0.402844451,6.286661725,2.103648267,0.65758036,6.228218756,2.28239351,0.62058553,7.740987302,0,0,0,0,NA,Anthophora pacifica
Anthophora urbana,below,ex,solitary,polylectic,2.975609756,0.059743653,0.020077785,2.975609756,3.024390244,2.87804878,3.024390244,2.975609756,yes,yes,0.897926832,0.281821263,2.860935999,1.39847342,0.536011843,3.648665476,1.259930711,0.423999481,3.528994845,194,47,65,35,0.56659998,Anthophora urbana
Anthophorula chionura,below,ex,solitary,NA,NA,NA,NA,NA,NA,NA,NA,NA,no,yes,NA,NA,NA,NA,NA,NA,NA,NA,NA,0,38,0,23,NA,Anthophorula chionura
Ashmeadiella aridula astragali,above,rent,solitary,polylectic,1.314240528,0.069005742,0.052506174,1.245901639,1.253012,1.301205,1.373494,1.39759,yes,yes,0.284149117,0.137407805,0.587599231,0.615386312,0.355377556,0.983279043,0.381539675,0.197128464,0.727386801,61,124,37,59,0.212845505,Ashmeadiella aridula astragali
Ashmeadiella bucconis denticulata,above,rent,solitary,oligolectic,1.5228916,0.095477613,0.06269495,1.445783,1.518072,1.493976,1.46988,1.686747,yes,yes,0.349662411,0.156409461,0.781690576,0.71356152,0.382713233,1.230274849,0.473247782,0.22632114,0.96703268,28,3,11,3,0.473001015,Ashmeadiella bucconis denticulata
Ashmeadiella cactorum basalis,above,rent,solitary,polylectic,1.2081632,0.056630388,0.046873128,1.285714,1.22449,1.22449,1.142857,1.163265,yes,yes,0.252397818,0.127609842,0.499214303,0.56550085,0.340650399,1.030982968,0.337373309,0.182177654,0.61820135,3,3,2,3,0.847941249,Ashmeadiella cactorum basalis
Ashmeadiella timberlakei solida,above,rent,solitary,polylectic,1.208,0.176974574,0.146502131,1.2,1.2,1.5,1.1,1.04,yes,no,NA,NA,NA,NA,NA,NA,NA,NA,NA,1,0,1,0,0.723140138,Ashmeadiella timberlakei solida
Bombus californicus,mix,rent,social,polylectic,3.32195102,0.199788664,0.060141966,3.609756098,3.333333,3.333333,3.285714,3.047619,yes,yes,1.048496082,0.31046003,3.541016321,1.562024176,0.566529205,4.880917498,1.479951911,0.470088915,4.365793021,88,16,36,11,0.536941837,Bombus californicus
Bombus crotchii,below,rent,social,polylectic,5.3,0.291547595,0.05500898,5.3,5.4,5.2,4.9,5.7,yes,yes,2.024053875,0.4681036,8.751896138,2.497399739,0.716563405,8.704052448,2.929736763,0.728321525,10.768526,17,1,4,1,0.584044078,Bombus crotchii
Bombus melanopygus,mix,rent,social,polylectic,3.86,0.384707681,0.099665202,3.4,4.3,4.2,3.8,3.6,yes,yes,1.295265951,0.354251808,4.735935976,1.81625454,0.610955043,4.460089728,1.843107245,0.541103559,5.83522897,29,1,16,1,0.377096608,Bombus melanopygus
Bombus vandykei,NA,rent,social,polylectic,3.6285714,0.419750567,0.115679291,3,3.761905,3.428571,4.047619,3.904762,no,yes,1.187277716,0.335512858,4.201413862,1.706882508,0.592250205,3.693802855,1.683828847,0.510640011,5.178025188,6,1,4,1,0.373104578,Bombus vandykei
Bombus vosnesenskii,below,rent,social,polylectic,3.551219512,0.448939526,0.126418411,2.926829268,3.268292683,3.902439024,4,3.658536585,yes,yes,1.151797671,0.329217747,4.029666956,1.670333321,0.585866791,3.558952094,1.63161566,0.500431118,4.966820794,184,2,47,2,0.409113291,Bombus vosnesenskii
Calliopsis fracta,below,ex,solitary,oligolectic,1.458536585,0.081625368,0.055963881,1.390243902,1.463414634,1.56097561,1.512195122,1.365853659,yes,yes,0.329038661,0.150584434,0.71897498,0.683274073,0.374492413,1.15979073,0.444300441,0.217345634,0.889613755,3,3,1,3,0.875141998,Calliopsis fracta
Calliopsis hesperia equina,below,ex,solitary,oligolectic,1.2705572,0.106962906,0.084185825,1.084337,1.325301,1.349398,1.28125,1.3125,no,yes,0.270941938,0.133384987,0.550358293,0.594840864,0.349387139,0.797677988,0.363144138,0.190981165,0.681386413,3,0,1,0,0.382727933,Calliopsis hesperia equina
Calliopsis scitula,below,ex,solitary,polylectic,1.4081632,0.032268197,0.022915098,1.387755,1.428571,1.44898,1.408163,1.367347,NA,yes,0.313151868,0.146003257,0.671656881,0.659571015,0.367931008,1.156664917,0.422048926,0.210302808,0.831192226,1,0,1,0,0.464415025,Calliopsis scitula
Calliopsis scutellaris,below,ex,solitary,polylectic,1.6625,0.064043442,0.038522371,1.65625,1.71875,1.65625,1.71875,1.5625,no,yes,0.395624117,0.168945616,0.926442753,0.779285118,0.399973092,1.509726624,0.53798948,0.245711708,1.145669704,2,2,2,2,0.545255162,Calliopsis scutellaris
Ceratina acantha,above,ex,solitary,polylectic,1.154098361,0.084866748,0.073535108,1.081967213,1.213114754,1.180327869,1.245901639,1.049180328,yes,yes,0.236641542,0.12257643,0.456851446,0.540083054,0.332896779,0.795053795,0.315533427,0.174526273,0.56585386,472,106,105,46,0.198858549,Ceratina acantha
Ceratina arizonensis,above,ex,solitary,polylectic,0.852459016,0.032786886,0.038461539,0.819672131,0.885245902,0.885245902,0.819672131,0.852459016,yes,yes,0.154469829,0.09391954,0.254057121,0.398378718,0.285852288,0.523354673,0.202634185,0.131387203,0.315088135,90,84,30,53,0.306676333,Ceratina arizonensis
Ceratina dallatorreana,above,ex,solitary,polylectic,1.285245902,0.071080273,0.055304805,1.31147541,1.245901639,1.344262295,1.180327869,1.344262295,yes,yes,0.27536256,0.134739516,0.562749085,0.601749005,0.351412705,1.062253088,0.369297636,0.193049679,0.696692399,101,173,55,100,0.135753868,Ceratina dallatorreana
Ceratina nanula,above,ex,solitary,polylectic,1.02295082,0.078277616,0.076521387,0.950819672,0.983606557,0.983606557,1.049180328,1.147540984,yes,yes,0.199677665,0.110244575,0.361661064,0.478448859,0.313301844,0.654452948,0.264522518,0.155869924,0.448186274,92,137,43,49,0.12907333,Ceratina nanula
Ceratina punctigena,above,ex,solitary,polylectic,1.619512195,0.159565144,0.09852667,1.853658537,1.56097561,1.707317073,1.463414634,1.512195122,yes,yes,0.381297126,0.165099603,0.880604772,0.759044941,0.394737982,1.788768015,0.517775926,0.23975233,1.089108848,1,2,1,2,0.383901179,Ceratina punctigena
Ceratina sequoiae,above,ex,solitary,oligolectic,1.481967213,0.084866748,0.057266279,1.540983607,1.37704918,1.508196721,1.409836066,1.573770492,yes,no,0.336505336,0.152708763,0.741515018,0.69430056,0.377505966,1.354298393,0.454772817,0.220616294,0.917439859,0,2,0,1,NA,Ceratina sequoiae
Ceratina tejonensis,above,ex,solitary,polylectic,1.609756098,0.209812811,0.130338262,1.609756098,1.463414634,1.951219512,1.414634146,1.609756098,yes,no,0.37806701,0.164225039,0.87035853,0.754451761,0.39354029,1.446351175,0.513222618,0.238398473,1.076464813,0,0,0,0,NA,Ceratina tejonensis
Ceratina timberlakei,above,ex,solitary,polylectic,1.264,0.040987803,0.032427059,1.2,1.26,1.26,1.3,1.3,no,yes,NA,NA,NA,NA,NA,NA,NA,NA,NA,1,0,1,0,0.659338081,Ceratina timberlakei
Chelostoma phaceliae,above,rent,solitary,oligolectic,1.081967213,0.061338646,0.056691779,1.049180328,1.049180328,1.147540984,1.016393443,1.147540984,yes,no,0.216086198,0.115816219,0.403166718,0.506180079,0.322265328,0.759046895,0.287125655,0.164282796,0.499500214,0,1,0,1,NA,Chelostoma phaceliae
Coelioxys apacheiorum,NA,rent,solitary,parasite,2.3469388,0.215979719,0.09202614,2.44898,2.489796,2.040816,2.204082,2.55102,no,yes,0.642856805,0.228754837,1.806584184,1.10182796,0.475704243,2.721003665,0.890572237,0.339440301,2.23073885,1,0,1,0,0.155365259,Coelioxys apacheiorum
Coelioxys gilensis,NA,rent,solitary,parasite,2,0.102956301,0.051478151,1.92,2.04,1.88,2.14,2.02,no,yes,NA,NA,NA,NA,NA,NA,NA,NA,NA,3,0,3,0,0.309603175,Coelioxys gilensis
Coelioxys novomexicana,NA,rent,solitary,parasite,2.55170892,0.210025011,0.08230759,2.2891566,2.612245,2.857143,2.55102,2.44898,no,yes,0.723211571,0.246209178,2.12435207,1.198415668,0.496143763,2.458016309,1.006414072,0.36712297,2.622160343,6,0,6,0,0.169657115,Coelioxys novomexicana
Coelioxys octodentata,NA,rent,solitary,parasite,2.29954924,NA,NA,NA,NA,NA,NA,NA,no,yes,NA,NA,NA,NA,NA,NA,NA,NA,NA,6,0,5,0,0.154225174,Coelioxys octodentata
Coelioxys sp. MA,above,rent,solitary,parasite,NA,NA,NA,NA,NA,NA,NA,NA,yes,no,NA,NA,NA,NA,NA,NA,NA,NA,NA,0,0,0,0,NA,Coelioxys sp. MA
Colletes hyalinus,below,ex,solitary,oligolectic,2.16842874,0.076870284,0.035449762,2.1686747,2.204082,2.183673,2.244898,2.040816,no,yes,0.57509651,0.213388206,1.549926313,1.017657831,0.45714991,2.265787146,0.793314604,0.315183977,1.914479796,2,0,1,0,0.950977571,Colletes hyalinus
Diadasia australis,below,ex,solitary,oligolectic,3,NA,NA,3,NA,NA,NA,NA,no,yes,0.908306963,0.283850786,2.906532518,1.409988379,0.538216929,3.693802855,1.275056056,0.427255821,3.585111529,0,1,0,1,NA,Diadasia australis
Diadasia bituberculata,below,ex,solitary,oligolectic,3.16,0.274266648,0.086793243,3.4,3.2,2.7,3.333333,3.166667,yes,yes,0.977248335,0.297115792,3.214283234,1.48553685,0.552466568,4.460089728,1.375678027,0.448576844,3.963817269,0,30,0,21,NA,Diadasia bituberculata
Diadasia consociata,below,ex,solitary,oligolectic,1.790731707,0.093101974,0.051991023,1.853658537,1.9,1.666667,1.733333,1.8,yes,yes,0.439255055,0.180348134,1.069847521,0.839674973,0.415201783,1.788768015,0.599715887,0.263431968,1.322581924,7,10,7,8,0.16361991,Diadasia consociata
Diadasia diminuta,below,ex,solitary,oligolectic,2.232,0.052153619,0.023366317,2.26,2.18,2.24,2.3,2.18,no,yes,NA,NA,NA,NA,NA,NA,NA,NA,NA,3,1,1,1,0.795121117,Diadasia diminuta
Diadasia enavata,below,ex,solitary,oligolectic,2.815121951,0.206067973,0.073200372,2.536585366,2.87804878,2.829268293,2.731707317,3.1,yes,yes,0.83049777,0.268415899,2.569618826,1.322715809,0.52127256,2.868924456,1.161843096,0.402530256,3.170415332,78,117,35,49,0.18931934,Diadasia enavata
Diadasia nigrifrons,below,ex,solitary,oligolectic,2.19375,0.150519932,0.068613075,2.40625,2.15625,2.03125,2.09375,2.28125,yes,yes,0.584574345,0.215576975,1.585174692,1.029595329,0.459826838,2.649814692,0.806893082,0.31863209,1.957920118,0,1,0,1,NA,Diadasia nigrifrons
Diadasia ochracea,below,ex,solitary,oligolectic,2.1166665,0.19148548,0.090465588,2.233333,2.166667,2.233333,1.833333,NA,no,yes,0.555862231,0.208904208,1.479064608,0.993256923,0.451628889,2.36829593,0.765784945,0.30812737,1.827142629,1,13,1,13,0.527242356,Diadasia ochracea
Diadasia rinconis,below,ex,solitary,oligolectic,3.625,0.088388348,0.024382992,3.5625,3.6875,NA,NA,NA,no,yes,1.185632718,0.335222568,4.193407833,1.705194924,0.591956975,4.784999401,1.6814067,0.510168961,5.168180274,0,8,0,6,NA,Diadasia rinconis
Dianthidium ulkei,mix,rent,solitary,oligolectic,2.019514961,0.167358036,0.082870411,1.836065574,1.93442623,2.233333,2.15625,1.9375,yes,yes,0.520279567,0.200452109,1.350401497,0.947466673,0.441082261,1.763259765,0.71495309,0.294853454,1.668540818,1,0,1,0,0.311803508,Dianthidium ulkei
Dioxys pomonae,above,rent,solitary,parasite,NA,NA,NA,NA,NA,NA,NA,NA,yes,no,NA,NA,NA,NA,NA,NA,NA,NA,NA,0,0,0,0,NA,Dioxys pomonae
Dufourea sp. 2,below,ex,solitary,oligolectic,1.606557377,NA,NA,1.606557377,NA,NA,NA,NA,yes,no,0.37700969,0.163938158,0.867011735,0.752945828,0.393146818,1.442024693,0.511732499,0.237954473,1.07233474,0,0,0,0,NA,Dufourea sp. 2
Eucera actuosa,below,ex,solitary,polylectic,2.731707317,0.097560976,0.035714286,2.682926829,2.780487805,2.585365854,2.829268293,2.780487805,yes,yes,0.796060227,0.261412085,2.424187412,1.28334792,0.513446606,3.121817664,1.111863462,0.391341355,2.991371682,82,992,18,128,0.657820571,Eucera actuosa
Eucera amsinckiae,below,ex,solitary,oligolectic,3.141463415,0.196942724,0.062691395,3.073170732,3.12195122,3.12195122,2.926829268,3.463414634,yes,no,0.969186678,0.295583231,3.177862332,1.47678338,0.550834357,3.830328752,1.363897395,0.446110263,3.919003562,0,0,0,0,NA,Eucera amsinckiae
Eucera dorsata,below,ex,solitary,polylectic,3.133333333,0.115470054,0.036852145,3,3.2,3.2,NA,NA,yes,no,0.965656975,0.294910711,3.161951597,1.472944212,0.550116966,3.693802855,1.35874056,0.445028141,3.899426009,0,4,0,4,NA,Eucera dorsata
Eucera edwardsii,below,ex,solitary,polylectic,2.536,0.17052859,0.067243135,2.46,2.72,2.48,2.7,2.32,no,yes,NA,NA,NA,NA,NA,NA,NA,NA,NA,0,3,0,3,NA,Eucera edwardsii
Eucera frater albopilosa,below,ex,solitary,polylectic,3.9,0.1,0.025641026,3.9,4,4,3.8,3.8,yes,yes,1.31420439,0.357476649,4.831457333,1.835161404,0.614130898,5.48387549,1.871094338,0.546357051,5.952655969,1,8,1,8,0.424358166,Eucera frater albopilosa
Eucera lunata,below,ex,solitary,polylectic,3.766666667,0.2081666,0.055265469,3.7,4,3.6,NA,NA,yes,no,1.251387838,0.346711364,4.516643195,1.772141988,0.603480485,5.065858293,1.778324977,0.528832048,5.565626127,0,0,0,0,NA,Eucera lunata
Eucera stretchii,below,ex,solitary,polylectic,3.073170732,NA,NA,3.073170732,NA,NA,NA,NA,yes,no,0.939653625,0.289927455,3.045413324,1.44453578,0.544779249,3.830328752,1.320772501,0.437014927,3.756023296,0,0,0,0,NA,Eucera stretchii
Eucera virgata,below,ex,solitary,polylectic,3.02,0.192353841,0.063693325,3,2.9,2.8,3.3,3.1,yes,no,0.916844413,0.285513505,2.944181841,1.41943096,0.540018457,3.693802855,1.287501309,0.429924779,3.631445928,0,10,0,3,NA,Eucera virgata
Habropoda depressa,below,ex,solitary,polylectic,4.48,0.238746728,0.05329168,4.8,4.6,4.5,4.3,4.2,yes,no,1.597505454,0.403808994,6.319878242,2.109405272,0.658480705,7.497312412,2.291488932,0.622169917,7.781796019,0,0,0,0,NA,Habropoda depressa
Habropoda tristissima,below,ex,solitary,polylectic,4.26,0.230217289,0.054041617,4.6,4.1,4.3,4,4.3,yes,no,1.48816813,0.386325511,5.732586425,2.005361618,0.642014953,7.031810138,2.128872955,0.593490492,7.060195314,3,2,3,1,0.779188048,Habropoda tristissima
Halictus farinosus,below,ex,social,polylectic,2.126829268,0.073979272,0.034783832,2.146341463,2.048780488,2.243902439,2.097560976,2.097560976,yes,no,0.559623625,0.209785613,1.492850712,0.998047478,0.452718112,2.230735812,0.77116573,0.30951368,1.844134747,2,2,2,2,0.299014378,Halictus farinosus
Halictus ligatus,below,ex,social,polylectic,1.531707317,0.208675606,0.136237259,1.414634146,1.414634146,1.902439024,1.463414634,1.463414634,yes,yes,0.352515707,0.157205061,0.790479156,0.717710923,0.383825814,1.190572003,0.477257882,0.227548779,0.977880555,1661,1265,365,291,0.212897491,Halictus ligatus
Halictus tripartitus,below,ex,social,polylectic,1.2915664,0.103080685,0.079810597,1.349398,1.445783,1.228916,1.228916,1.204819,yes,yes,0.277271105,0.135321788,0.568121857,0.604721665,0.352280757,1.108852543,0.371955499,0.193939296,0.703328992,5255,36996,611,630,0.145954028,Halictus tripartitus
Heriades occidentalis,above,rent,solitary,polylectic,1.396721312,0.067988332,0.048677092,1.475409836,1.31147541,1.442622951,1.409836066,1.344262295,yes,yes,0.309575226,0.144959941,0.661126242,0.654187595,0.366424457,1.26844172,0.417045251,0.208700903,0.818189285,4,0,4,0,0.276193416,Heriades occidentalis
Hesperapis ilicifoliae,below,ex,solitary,oligolectic,1.423168092,0.035302993,0.02480592,1.409836066,1.475409836,1.409836066,1.3975904,NA,yes,no,0.317860267,0.147369911,0.685588726,0.666631131,0.369897506,1.184495282,0.428639244,0.212402308,0.848394178,2,4,2,4,0.575345264,Hesperapis ilicifoliae
Hesperapis regularis,below,ex,solitary,oligolectic,2.048780488,0.133590868,0.065205066,2.097560976,1.951219512,2.048780488,1.902439024,2.243902439,yes,no,0.53092643,0.203003258,1.388563299,0.961259311,0.444285328,2.15481789,0.730149198,0.298856168,1.71558591,0,4,0,2,NA,Hesperapis regularis
Hoplitis albifrons maura,above,rent,solitary,polylectic,2.634146341,0.294708438,0.111880055,3.024390244,2.87804878,2.43902439,2.43902439,2.390243902,yes,no,0.756323981,0.253187529,2.259297554,1.237310516,0.504141147,3.739126355,1.054296689,0.378227619,2.788343102,0,6,0,4,NA,Hoplitis albifrons maura
Hoplitis fulgida platyura,above,rent,solitary,polylectic,1.508196721,NA,NA,1.508196721,NA,NA,NA,NA,yes,no,0.344921236,0.155082038,0.767146605,0.706645139,0.380851538,1.311133876,0.466587179,0.2242738,0.949080237,0,0,0,0,NA,Hoplitis fulgida platyura
Hoplitis grinnelli,above,rent,solitary,polylectic,1.278688525,NA,NA,1.278688525,NA,NA,NA,NA,yes,no,0.27338653,0.134135055,0.55720106,0.598665006,0.350509875,1.022509822,0.366546536,0.192126431,0.689839178,0,2,0,2,NA,Hoplitis grinnelli
Hoplitis howardi,above,rent,solitary,oligolectic,1.147540984,NA,NA,1.147540984,NA,NA,NA,NA,yes,no,0.23475063,0.121964025,0.45183699,0.53700056,0.331944193,0.868729166,0.312916086,0.173596747,0.55965683,0,0,0,0,NA,Hoplitis howardi
Hoplitis hypocrita,above,rent,solitary,polylectic,2.585365854,0.059743652,0.023108394,2.536585366,2.585365854,2.536585366,2.585365854,2.682926829,yes,no,0.736678545,0.249061493,2.178961001,1.21429469,0.499424165,2.868924456,1.025878256,0.371659374,2.689412957,0,0,0,0,NA,Hoplitis hypocrita
Hoplitis producta gracilis,above,rent,solitary,polylectic,1.26557377,0.085497736,0.067556501,1.245901639,1.147540984,1.37704918,1.245901639,1.31147541,yes,yes,0.269446874,0.132925007,0.546184797,0.592497223,0.348697284,0.983279043,0.361063877,0.190279041,0.676230842,12,57,8,22,0.40803709,Hoplitis producta gracilis
Hoplitis sambuci,above,rent,solitary,polylectic,2.234146342,0.093831142,0.041998655,2.097560976,2.341463415,2.243902439,2.195121951,2.292682927,yes,no,0.599787329,0.219062525,1.642201651,1.048641136,0.464065883,2.15481789,0.828705614,0.324127886,2.028195934,4,0,2,0,0.754108051,Hoplitis sambuci
Hylaeus bisinuatus,above,rent,solitary,polylectic,1.1461212,0.085430125,0.074538474,1.156627,1.125,1.061224,1.285714,1.102041,yes,yes,0.234341794,0.121831373,0.450754801,0.536333158,0.331737585,0.879109738,0.312350294,0.173395445,0.558319404,8,0,8,0,0.10600858,Hylaeus bisinuatus
Hylaeus calvus,above,rent,solitary,polylectic,1.160655738,0.099986562,0.086146614,1.147540984,1.049180328,1.278688525,1.245901639,1.081967213,yes,yes,0.238536843,0.123188414,0.461892668,0.543165627,0.333846679,0.868729166,0.318157645,0.175455468,0.572083815,12,0,7,0,0.759375258,Hylaeus calvus
Hylaeus conspicuus,above,rent,solitary,polylectic,1.1518072,0.054948145,0.047706027,1.156627,1.108434,1.204819,1.204819,1.084337,yes,yes,0.235980354,0.122362503,0.455096342,0.539006015,0.33256425,0.879109738,0.31461814,0.174201533,0.563684862,29,14,15,12,0.320012223,Hylaeus conspicuus
Hylaeus episcopalis,above,rent,solitary,polylectic,1.277551,0.088487406,0.069263306,1.22449,1.428571,1.22449,1.285714,1.22449,no,yes,0.273044164,0.13403016,0.556241336,0.598130024,0.350353025,0.957938961,0.366069957,0.191966242,0.68865366,1,0,1,0,0.155365259,Hylaeus episcopalis
Hylaeus leptocephalus,above,rent,solitary,oligolectic,1.144764029,NA,NA,NA,NA,NA,NA,NA,no,yes,NA,NA,NA,NA,NA,NA,NA,NA,NA,3,0,3,0,0.223827396,Hylaeus leptocephalus
Hylaeus mesillae,above,rent,solitary,polylectic,0.94375,0.080888619,0.085709795,0.84375,0.96875,1.03125,1,0.875,yes,yes,0.178259715,0.102705511,0.309394556,0.44124463,0.300858376,0.546680583,0.235126536,0.144531375,0.383549533,452,73,147,52,0.262393205,Hylaeus mesillae
Hylaeus rudbeckiae,above,rent,solitary,polylectic,0.966990291,0.066417986,0.068685267,0.932038835,0.912621359,1.029126214,1.048543689,0.912621359,yes,yes,0.184471277,0.104925402,0.324322343,0.452160239,0.30456182,0.635080918,0.243638633,0.147864483,0.402012702,14,0,11,0,0.400154341,Hylaeus rudbeckiae
Hylaeus verticalis,above,rent,solitary,polylectic,1.366472776,0.107692611,0.078810652,1.442622951,1.2903226,NA,NA,NA,yes,no,0.30017741,0.142196751,0.633674658,0.639956595,0.36241183,1.226227079,0.403908428,0.204462013,0.784290632,3,0,2,0,0.623688371,Hylaeus verticalis
Lasioglossum (Dialictus),below,ex,social,polylectic,1.055737705,0.226443235,0.214488157,0.754098361,0.950819672,1.31147541,1.245901639,1.016393443,yes,yes,0.208747197,0.113344595,0.384450554,0.493854225,0.31831236,0.461589317,0.277007584,0.160547395,0.47636274,649,11665,270,429,NA,Lasioglossum (Dialictus)
Lasioglossum (Dialictus) brunneiiventre,below,ex,social,polylectic,0.929984134,0.199363962,0.214373509,1.147540984,1.147540984,0.7580645,0.8064516,0.7903226,yes,yes,0.227231162,0.119510143,0.432047022,0.524671385,0.328106515,0.868729166,0.302515917,0.169875287,0.535198211,46,8,16,3,0.227808946,Lasioglossum (Dialictus) brunneiiventre
Lasioglossum (Dialictus) diversopunctatum,below,ex,social,polylectic,1.298360656,0.059560335,0.04587349,1.37704918,1.31147541,1.278688525,1.31147541,1.213114754,yes,yes,0.279326959,0.13594732,0.573924885,0.607917217,0.353211522,1.143251843,0.37481929,0.194895289,0.710496891,130,391,78,139,0.086597547,Lasioglossum (Dialictus) diversopunctatum
Lasioglossum (Dialictus) impavidum,below,ex,social,polylectic,1.016393443,0.04015557,0.039507899,1.016393443,0.950819672,1.049180328,1.049180328,1.016393443,yes,yes,0.197877828,0.109623139,0.357184034,0.475368051,0.312290207,0.723605092,0.26204742,0.154933309,0.442650505,21,2,15,1,0.197882202,Lasioglossum (Dialictus) impavidum
Lasioglossum (Dialictus) incompletum,below,ex,social,polylectic,0.941463414,0.056150558,0.059641785,0.902439024,0.975609756,0.902439024,1.024390244,0.902439024,yes,yes,0.177651907,0.102486743,0.307944218,0.440170721,0.300491561,0.604949173,0.234294222,0.144203157,0.381755603,4656,23386,674,459,0.10900268,Lasioglossum (Dialictus) incompletum
Lasioglossum (Dialictus) megastictum,below,ex,social,polylectic,1.13548388,0.061702732,0.054340474,1.115385,1.173077,1.211538,1.0483871,1.1290323,no,yes,0.231285295,0.120836884,0.442686754,0.531332961,0.330185575,0.832326244,0.308121577,0.171886748,0.548348267,16,21,15,19,0.159877079,Lasioglossum (Dialictus) megastictum
Lasioglossum (Dialictus) punctatoventre,below,ex,social,polylectic,1.205107183,0.029293273,0.024307608,1.180327869,1.213114754,1.213114754,1.245901639,1.1730769,yes,yes,0.251499378,0.127326066,0.496771315,0.564063969,0.340216783,0.90638169,0.336126542,0.181745742,0.615182845,29,15,14,13,0.378050754,Lasioglossum (Dialictus) punctatoventre
Lasioglossum (Dialictus) tegulare group,below,ex,social,polylectic,0.87804878,0.062183165,0.070819715,0.87804878,0.804878049,0.87804878,0.975609756,0.853658537,yes,yes,0.16103838,0.096393331,0.269036869,0.410392452,0.290136026,0.580493112,0.211587587,0.135080178,0.333623544,460,966,202,263,0.120836149,Lasioglossum (Dialictus) tegulare group
Lasioglossum (Evylaeus),below,ex,social,polylectic,1.298360656,0.276850254,0.213230625,1.31147541,1.737704918,1.180327869,0.983606557,1.278688525,yes,yes,0.279326959,0.13594732,0.573924885,0.607917217,0.353211522,1.062253088,0.37481929,0.194895289,0.710496891,24,24,5,8,NA,Lasioglossum (Evylaeus)
Lasioglossum (Evylaeus) diatretum,below,ex,social,polylectic,1.239754098,0.037457656,0.030213779,1.213114754,1.245901639,1.2903226,1.2096774,NA,yes,yes,0.261739345,0.13053827,0.524807665,0.580355248,0.345101249,0.944567372,0.35034653,0.186638465,0.649822006,3,0,3,0,0.154339065,Lasioglossum (Evylaeus) diatretum
Lasioglossum (Evylaeus) granosum,below,ex,social,polylectic,1.568800091,0.087677811,0.055888454,1.639344262,1.6129032,1.5806452,1.4423077,NA,yes,yes,0.364594383,0.160546579,0.827978179,0.735171019,0.388472572,1.486576956,0.494247221,0.232709332,1.024163155,2,6,2,4,0.145775826,Lasioglossum (Evylaeus) granosum
Lasioglossum (Evylaeus) kincaidii,below,ex,social,polylectic,1.445783,0.045080156,0.031180444,1.518072,1.39759,1.445783,1.445783,1.421687,yes,yes,0.324994927,0.149426403,0.706847659,0.677272553,0.37284198,1.324085377,0.438632688,0.215563989,0.874641542,14,29,10,24,0.18760786,Lasioglossum (Evylaeus) kincaidii
Lasioglossum (Evylaeus) nigrescens,below,ex,social,polylectic,1.095081967,0.037382801,0.034136989,1.147540984,1.114754098,1.081967213,1.081967213,1.049180328,yes,yes,0.219783121,0.117049305,0.412686093,0.512343515,0.324223948,0.868729166,0.292227505,0.166148356,0.511267415,3,103,3,22,0.137851358,Lasioglossum (Evylaeus) nigrescens
Lasioglossum (Evylaeus) orthocarpi,below,ex,social,polylectic,1.892682927,0.08015452,0.042349682,1.853658537,1.951219512,1.853658537,2,1.804878049,yes,no,0.474870301,0.189343131,1.190969017,0.887702247,0.42692632,1.788768015,0.650277615,0.277463477,1.471962431,0,0,0,0,NA,Lasioglossum (Evylaeus) orthocarpi
Lasioglossum (Evylaeus) sp. B,below,ex,social,polylectic,1.443902439,0.088614157,0.061371291,1.463414634,1.463414634,1.56097561,1.317073171,1.414634146,yes,no,0.324399892,0.149255543,0.705067886,0.676387628,0.372598007,1.252941668,0.437798904,0.215301196,0.872444212,1,1,1,1,0.383901179,Lasioglossum (Evylaeus) sp. B
Lasioglossum (Evylaeus) sp. D,below,ex,social,polylectic,1.678048781,0.095090676,0.056667409,1.804878049,1.609756098,1.707317073,1.56097561,1.707317073,yes,no,0.400843763,0.170333751,0.943299384,0.78660662,0.40185004,1.718344262,0.545360749,0.247864832,1.16646801,0,0,0,0,NA,Lasioglossum (Evylaeus) sp. D
Lasioglossum (Evylaeus) sp. I,below,ex,social,polylectic,1.652459016,0.099986562,0.060507741,1.639344262,1.770491803,1.737704918,1.573770492,1.540983607,yes,no,0.392263967,0.168048362,0.915635343,0.774557254,0.398756369,1.486576956,0.533246186,0.244320606,1.132334694,0,1,0,1,NA,Lasioglossum (Evylaeus) sp. I
Lasioglossum (Evylaeus) sp. red ab,below,ex,social,polylectic,1.357377049,0.071832467,0.052920054,1.245901639,1.37704918,1.344262295,1.37704918,1.442622951,yes,no,0.297367963,0.14136442,0.625530142,0.635677615,0.361196619,0.983279043,0.399984249,0.203186233,0.774232729,0,0,0,0,NA,Lasioglossum (Evylaeus) sp. red ab
Lasioglossum mellipes,below,ex,solitary,polylectic,1.78313252,0.10080239,0.05653107,1.686747,1.8072289,1.686747,1.9277108,1.8072289,yes,yes,0.436632804,0.179675227,1.061071183,0.836095627,0.414314734,1.551790172,0.595999213,0.262384119,1.311756543,2,11,1,9,0.342176133,Lasioglossum mellipes
Lasioglossum sisymbrii,below,ex,solitary,polylectic,1.91999986,0.109544642,0.057054505,2,1.933333,1.733333,1.9333333,2,no,yes,0.484548612,0.191743186,1.224488663,0.900572748,0.430014129,2.005657676,0.664043134,0.281214933,1.513296414,9,1,7,1,0.427392645,Lasioglossum sisymbrii
Lasioglossum titusi,below,ex,solitary,oligolectic,1.89832501,0.162074022,0.085377383,2,1.951219512,1.853658537,1.6385542,2.0481928,yes,yes,0.476864634,0.189839184,1.197855338,0.890360473,0.427565887,2.005657676,0.653113297,0.278238586,1.48045435,35,57,14,27,0.39729221,Lasioglossum titusi
Megachile angelarum,above,rent,solitary,polylectic,2.165853659,0.101153372,0.046703697,2.048780488,2.292682927,2.243902439,2.146341463,2.097560976,yes,yes,0.574135167,0.213165444,1.546363161,1.016443866,0.456876808,2.079788382,0.791937805,0.314833175,1.910088422,56,1,30,1,0.485926658,Megachile angelarum
Megachile apicalis,mix,rent,solitary,oligolectic,2.312195122,0.177898366,0.076939167,2.243902439,2.292682927,2.585365854,2.341463415,2.097560976,yes,yes,0.62949798,0.225775429,1.755140979,1.085443462,0.472149479,2.385197118,0.871365639,0.334728618,2.167358054,161,89,104,60,0.302401052,Megachile apicalis
Megachile brevis,mix,rent,solitary,polylectic,2.45783135,0.068154841,0.027729665,2.4096386,2.5060241,NA,NA,NA,yes,yes,0.686032581,0.23822907,1.97558049,1.154130169,0.486878491,2.655436981,0.952750989,0.354449778,2.4389235,10,10,9,10,0.439405413,Megachile brevis
Megachile coquilletti,above,rent,solitary,polylectic,3.36,0.134164079,0.039929785,3.3,3.5,3.5,3.2,3.3,yes,yes,1.065444345,0.313583595,3.619996928,1.579996684,0.569783328,4.263994272,1.504797003,0.475133321,4.462949116,27,10,27,10,0.315087302,Megachile coquilletti
Megachile fidelis,above,rent,solitary,polylectic,2.6,0.167006475,0.064233259,2.8571429,2.4761905,2.6190476,2.6190476,2.4285714,yes,yes,0.742556434,0.250300285,2.202914226,1.221199233,0.50084387,3.43209906,1.03437801,0.373630658,2.718910907,20,2,16,2,0.186977552,Megachile fidelis
Megachile frugalis,above,rent,solitary,polylectic,2.653658537,0.095090676,0.035833803,2.682926829,2.780487805,2.585365854,2.682926829,2.536585366,yes,yes,0.764223965,0.254835347,2.291825983,1.246517389,0.506015769,3.121817664,1.065732547,0.380852771,2.828397854,6,0,6,0,0.226228129,Megachile frugalis
Megachile gentilis,above,rent,solitary,polylectic,2.6466668,0.2280351,0.086159353,2.4,2.5,3,2.666667,2.666667,yes,yes,0.761390457,0.254245059,2.280144327,1.243218288,0.505344833,2.639455343,1.061630296,0.379912249,2.814013482,54,7,39,7,0.302355325,Megachile gentilis
Megachile lippiae,below,rent,solitary,polylectic,3.095238,NA,NA,3.095238,NA,NA,NA,NA,no,yes,0.949167595,0.291756641,3.087912995,1.454955527,0.546743071,3.871828826,1.334659452,0.439955258,3.808321405,11,2,7,2,0.201625573,Megachile lippiae
Megachile montivaga,above,rent,solitary,polylectic,2.576422778,0.274087447,0.106382947,2.585365854,2.536585366,2.926829268,2.1666667,2.6666667,yes,yes,0.733093179,0.248304037,2.16438531,1.210075339,0.498554602,2.952423404,1.02069489,0.370454358,2.671462909,7,8,7,7,0.265392751,Megachile montivaga
Megachile occidentalis,mix,rent,solitary,polylectic,2.712716908,NA,NA,NA,NA,NA,NA,NA,no,yes,NA,NA,NA,NA,NA,NA,NA,NA,NA,1,0,1,0,0.339521375,Megachile occidentalis
Megachile onobrychidis,mix,rent,solitary,polylectic,2.575609756,0.121462435,0.047158711,2.487804878,2.487804878,2.487804878,2.682926829,2.731707317,yes,yes,0.732767483,0.24823516,2.16306257,1.209691759,0.498475475,2.786234327,1.020224077,0.370344796,2.669833934,116,23,62,22,0.287625772,Megachile onobrychidis
Megachile parallela,mix,rent,solitary,polylectic,3.289221853,0.153454784,0.046653826,3.414634146,3.12195122,3.1666667,3.2666667,3.4761905,yes,yes,1.033980635,0.307769722,3.473752858,1.546565236,0.563715204,4.489034353,1.458685372,0.465746891,4.283046661,19,1,10,1,0.240985329,Megachile parallela
Megachile rotundata,above,rent,solitary,oligolectic,2.195121951,0.077128723,0.035136418,2.292682927,2.146341463,2.097560976,2.243902439,2.195121951,yes,yes,0.585089151,0.215695479,1.58709546,1.030242142,0.459971439,2.463721425,0.807630865,0.318818843,1.960287222,34,1,26,1,0.231346214,Megachile rotundata
Megachile texana,below,rent,solitary,polylectic,3.3375,0.16741369,0.050161405,3.15625,3.4375,3.5,3.4375,3.15625,no,yes,1.05541259,0.311737017,3.573190463,1.569368655,0.567861252,3.987348204,1.490089238,0.472150783,4.405371849,0,2,0,2,NA,Megachile texana
Melecta edwardsii,below,rent,solitary,parasite,3.262195122,0.261580102,0.080185302,3.56097561,3.0625,2.96875,3.21875,3.5,yes,no,1.022038545,0.305545708,3.418679295,1.533800247,0.561380979,4.781915932,1.441197605,0.462159337,4.215293436,0,0,0,0,NA,Melecta edwardsii
Melissodes agilis,below,ex,solitary,oligolectic,2.6000002,0.173662832,0.066793392,2.619048,2.857143,2.52381,2.380952,2.619048,yes,yes,0.742556514,0.250300301,2.202914554,1.221199327,0.500843889,3.010546164,1.034378126,0.373630685,2.718911312,502,1589,62,162,0.44733803,Melissodes agilis
Melissodes communis alopex,below,ex,solitary,polylectic,2.79375,0.095299692,0.034111746,2.6875,2.71875,2.875,2.90625,2.78125,no,yes,0.821634201,0.266623849,2.531966897,1.312628717,0.519278553,3.129835678,1.148971577,0.399665518,3.12406349,4,34,3,12,0.490220841,Melissodes communis alopex
Melissodes lupina,below,ex,solitary,oligolectic,2.204878049,0.093831142,0.042556159,2.243902439,2.146341463,2.097560976,2.341463415,2.195121951,yes,yes,0.588753781,0.216537914,1.600786705,1.034841753,0.46099842,2.385197118,0.812883461,0.320146655,1.977159766,390,1173,142,256,0.230260781,Melissodes lupina
Melissodes robustior,below,ex,solitary,oligolectic,2.762812156,0.23253216,0.084165027,2.87804878,3,2.904762,2.5625,2.46875,yes,yes,0.808852343,0.264026751,2.47793873,1.298027353,0.516378566,3.469992338,1.130419352,0.395516106,3.057548784,182,41,38,23,0.405439216,Melissodes robustior
Melissodes stearnsi,below,ex,solitary,oligolectic,2.03902439,0.105753578,0.051864793,2.048780488,2.048780488,2.195121951,1.902439024,2,yes,yes,0.527370199,0.202153287,1.375784338,0.956661231,0.44322008,2.079788382,0.725072135,0.297522206,1.699832594,44,997,21,152,0.303652425,Melissodes stearnsi
Melissodes tepida timberlakei,below,ex,solitary,polylectic,2.214634146,0.095090677,0.04293742,2.146341463,2.341463415,2.097560976,2.243902439,2.243902439,yes,yes,0.592425032,0.217379899,1.614534829,1.039441456,0.462023144,2.230735812,0.818146801,0.321474099,1.99410208,31,104,23,78,0.299661701,Melissodes tepida timberlakei
Neopasites sierrae,below,rent,solitary,parasite,NA,NA,NA,NA,NA,NA,NA,NA,yes,no,NA,NA,NA,NA,NA,NA,NA,NA,NA,0,0,0,0,NA,Neopasites sierrae
Nomada hesperia,NA,rent,solitary,parasite,2.09375,NA,NA,2.09375,NA,NA,NA,NA,no,yes,0.547407534,0.206914802,1.448204795,0.982454859,0.449163168,2.148924084,0.753695347,0.304999778,1.789104953,0,2,0,2,NA,Nomada hesperia
Nomada sp. 1,below,rent,solitary,parasite,2.195121951,0.154257447,0.070272837,2.390243902,2.292682927,2,2.195121951,2.097560976,yes,no,0.585089151,0.215695479,1.58709546,1.030242142,0.459971439,2.623311931,0.807630865,0.318818843,1.960287222,0,0,0,0,NA,Nomada sp. 1
Nomada sp. 2,below,rent,solitary,parasite,1.365853659,NA,NA,1.365853659,NA,NA,NA,NA,yes,no,0.299985938,0.142140118,0.633118671,0.639665335,0.362329243,1.129281583,0.403640938,0.204375192,0.783604037,0,0,0,0,NA,Nomada sp. 2
Nomada sp. 3,below,rent,solitary,parasite,2.067705195,0.111025903,0.053695229,2.097560976,2.168675,2.168675,1.927711,1.975904,yes,yes,0.537844444,0.204650622,1.413514619,0.970178868,0.446344511,2.15481789,0.740029441,0.301442631,1.746343816,6,16,5,12,0.251735577,Nomada sp. 3
Nomada sp. 4,below,rent,solitary,parasite,1.672131148,NA,NA,1.672131148,NA,NA,NA,NA,yes,no,0.398854908,0.169805632,0.936866674,0.78382013,0.401136725,1.531582521,0.54255162,0.247045534,1.158531204,0,0,0,0,NA,Nomada sp. 4
Nomada sp. 5,below,rent,solitary,parasite,1.076042046,0.130887122,0.121637553,1.081967213,0.852459016,1.180723,1.108434,1.156627,yes,yes,0.214421924,0.115258527,0.398901172,0.503395586,0.321376567,0.795053795,0.284829999,0.163439482,0.494227236,0,3,0,3,NA,Nomada sp. 5
Nomada sp. 7,below,rent,solitary,parasite,1.804878049,NA,NA,1.804878049,NA,NA,NA,NA,yes,no,0.444148627,0.181599871,1.086278321,0.846338321,0.416848107,1.718344262,0.606654106,0.265381859,1.342848348,0,0,0,0,NA,Nomada sp. 7
Nomada sp. A,below,rent,solitary,parasite,1.583333333,0.100454695,0.063445071,1.625,1.46875,1.65625,NA,NA,no,yes,0.36935892,0.161853196,0.842899709,0.742012534,0.390278297,1.467029299,0.500954774,0.234729179,1.042578508,3,1,2,1,0.081137585,Nomada sp. A
Osmia aglaia,above,rent,solitary,polylectic,2.195121951,0.097560976,0.044444444,2.097560976,2.195121951,2.097560976,2.292682927,2.292682927,yes,yes,0.585089151,0.215695479,1.587095461,1.030242142,0.459971439,2.15481789,0.807630865,0.318818843,1.960287223,11,8,6,5,0.665790182,Osmia aglaia
Osmia atrocyanea,above,rent,solitary,polylectic,2.819512195,0.13536036,0.048008432,3.024390244,2.87804878,2.780487805,2.731707317,2.682926829,yes,yes,0.83232194,0.268783819,2.577386598,1.324787951,0.521681237,3.739126355,1.164492777,0.403118564,3.179977748,5,8,3,7,0.646066637,Osmia atrocyanea
Osmia bakeri,above,rent,solitary,oligolectic,1.5,NA,NA,1.5,NA,NA,NA,NA,yes,no,NA,NA,NA,NA,NA,NA,NA,NA,NA,0,0,0,0,NA,Osmia bakeri
Osmia bridwelli,NA,rent,solitary,polylectic,3.22,0.192353841,0.059737218,3.3,2.9,3.4,3.2,3.3,yes,no,1.003474759,0.302069029,3.333547952,1.513872036,0.557717398,4.263994272,1.4140287,0.456554578,4.110557356,0,0,0,0,NA,Osmia bridwelli
Osmia cara,NA,rent,solitary,polylectic,3.073170732,0.212629217,0.069188872,2.926829268,3.317073171,2.975609756,NA,NA,yes,no,0.939653624,0.289927455,3.045413323,1.44453578,0.544779249,3.558952094,1.320772501,0.437014927,3.756023295,0,3,0,2,NA,Osmia cara
Osmia coloradensis,above,rent,solitary,oligolectic,2.312195122,0.055618313,0.024054334,2.243902439,2.341463415,2.292682927,2.390243902,2.292682927,yes,yes,0.62949798,0.225775429,1.755140979,1.085443461,0.472149479,2.385197118,0.871365639,0.334728618,2.167358053,4,2,4,2,0.343061117,Osmia coloradensis
Osmia cyanella,above,rent,solitary,polylectic,2.448780488,0.021815297,0.008908637,2.43902439,2.43902439,2.43902439,2.487804878,2.43902439,yes,no,0.682478287,0.237457768,1.961513478,1.149860944,0.485975987,2.70436081,0.947626554,0.35322635,2.421596079,2,1,2,1,0.667191186,Osmia cyanella
Osmia gaudiosa,above,rent,solitary,oligolectic,1.690454133,0.003210472,0.001899177,1.686747,1.6923077,1.6923077,NA,NA,no,yes,0.40502236,0.171440136,0.956853604,0.792448187,0.403341342,1.551790172,0.551264481,0.24958177,1.183191079,9,16,6,9,0.475150096,Osmia gaudiosa
Osmia glauca,above,rent,solitary,oligolectic,1.609756098,0.261176885,0.162246246,1.463414634,1.512195122,1.463414634,NA,2,yes,yes,0.37806701,0.164225039,0.87035853,0.754451761,0.39354029,1.252941668,0.513222618,0.238398473,1.076464813,0,2,0,2,NA,Osmia glauca
Osmia granulosa,NA,rent,solitary,NA,2.058536585,0.105753578,0.051373183,2.097560976,1.951219512,1.951219512,2.097560976,2.195121951,yes,yes,0.534489576,0.203852739,1.401399403,0.96585749,0.445348057,2.15481789,0.735237439,0.300189732,1.731409341,6,11,6,10,0.334832436,Osmia granulosa
Osmia laeta,above,rent,solitary,polylectic,1.951219512,0.2906433,0.148954691,1.951219512,2,2.195121951,2.146341463,1.463414634,yes,yes,0.49567861,0.194481081,1.263348001,0.915283047,0.433516465,1.932436534,0.679886392,0.285498252,1.561211745,10,1,7,1,0.532734327,Osmia laeta
Osmia lignaria propinqua,above,rent,solitary,polylectic,2.84000008,0.237346421,0.083572681,2.766667,2.6666667,3,3.1666667,2.6,yes,yes,0.840850077,0.270499872,2.613786278,1.334458176,0.523584238,3.269726998,1.176883183,0.405863251,3.224786246,9,0,5,0,0.483272996,Osmia lignaria propinqua
Osmia montana,above,rent,solitary,NA,2.487804878,0.182519872,0.073365831,2.487804878,2.536585366,2.682926829,NA,2.243902439,yes,no,0.697841341,0.240780926,2.022512934,1.168268966,0.48985556,2.786234327,0.96978364,0.358499364,2.496731813,0,0,0,0,NA,Osmia montana
Osmia montana quadriceps,above,rent,solitary,oligolectic,2.216,0.129151074,0.058281171,2.3,2,2.2,2.26,2.32,yes,no,NA,NA,NA,NA,NA,NA,NA,NA,NA,0,0,0,0,NA,Osmia montana quadriceps
Osmia nemoris,mix,rent,solitary,polylectic,2.214634146,0.160309041,0.072386241,2.195121951,2.097560976,2.097560976,2.195121951,2.487804878,yes,yes,0.592425032,0.217379899,1.614534829,1.039441456,0.462023144,2.307532121,0.818146801,0.321474099,1.99410208,4,463,4,130,0.456772644,Osmia nemoris
Osmia nigrifrons,above,rent,solitary,oligolectic,2.487804878,0.226185817,0.090917828,2.87804878,2.292682927,2.390243902,2.43902439,2.43902439,yes,no,0.697841341,0.240780926,2.022512934,1.168268966,0.48985556,3.469992338,0.96978364,0.358499364,2.496731813,0,0,0,0,NA,Osmia nigrifrons
Osmia pusilla,above,rent,solitary,polylectic,NA,NA,NA,NA,NA,NA,NA,NA,no,yes,NA,NA,NA,NA,NA,NA,NA,NA,NA,0,5,0,3,NA,Osmia pusilla
Osmia regulina,above,rent,solitary,polylectic,1.975668525,0.054538402,0.027605037,2,1.951219512,2.048780488,1.902439024,1.9759036,yes,yes,0.504445764,0.196621504,1.294189721,0.926803852,0.43623984,2.005657676,0.692375803,0.288849637,1.599238631,18,21,11,19,0.481238021,Osmia regulina
Osmia sp. FA,NA,rent,solitary,NA,1.707317073,NA,NA,1.707317073,NA,NA,NA,NA,yes,no,0.410722523,0.172942503,0.975428183,0.8003891,0.405359814,1.580380416,0.559321711,0.251914385,1.206107359,0,0,0,0,NA,Osmia sp. FA
Osmia sp. FC,NA,rent,solitary,NA,2.195121951,NA,NA,2.195121951,NA,NA,NA,NA,yes,no,0.585089151,0.215695479,1.58709546,1.030242142,0.459971439,2.307532121,0.807630865,0.318818843,1.960287222,0,0,0,0,NA,Osmia sp. FC
Osmia sp. FE,NA,rent,solitary,NA,NA,NA,NA,NA,NA,NA,NA,NA,yes,no,NA,NA,NA,NA,NA,NA,NA,NA,NA,0,0,0,0,NA,Osmia sp. FE
Osmia texana,above,rent,solitary,oligolectic,2.80048204,0.263067624,0.093936551,2.666667,2.566667,2.6024096,3.0333333,3.1333333,yes,yes,0.8244232,0.267188513,2.54379803,1.315806055,0.519907469,3.093365794,1.153021142,0.400568042,3.138628508,6,2,2,2,0.492630668,Osmia texana
Osmia trevoris,below,ex,solitary,NA,NA,NA,NA,NA,NA,NA,NA,NA,no,yes,NA,NA,NA,NA,NA,NA,NA,NA,NA,1,8,1,5,0.628337041,Osmia trevoris
Panurginus nigrellus,below,ex,solitary,polylectic,1.317073171,0.057200192,0.043429775,1.390243902,1.268292683,1.268292683,1.292682927,1.365853659,yes,no,0.285011801,0.137668101,0.590054819,0.616718688,0.355762562,1.15979073,0.382742413,0.197526638,0.730419735,0,1,0,1,NA,Panurginus nigrellus
Peponapis pruinosa,below,ex,solitary,oligolectic,3.131707317,0.105753577,0.033768666,3.170731707,2.975609756,3.219512195,3.073170732,3.219512195,yes,yes,0.964951482,0.294776181,3.158774086,1.472176384,0.549973376,4.01493489,1.357709934,0.444811696,3.895516176,16,262,5,100,0.64133196,Peponapis pruinosa
Perdita heliotropii,below,ex,solitary,NA,0.868292683,0.061219026,0.070505058,0.780487805,0.853658537,0.926829268,0.926829268,0.853658537,yes,no,0.158524778,0.095451241,0.263276884,0.405812027,0.288510266,0.486132387,0.208159687,0.133673039,0.326496624,0,0,0,0,NA,Perdita heliotropii
Perdita heliotropii perducta,below,ex,solitary,NA,0.824,0.130690474,0.158604944,0.86,0.6,0.88,0.84,0.94,yes,no,NA,NA,NA,NA,NA,NA,NA,NA,NA,0,0,0,0,NA,Perdita heliotropii perducta
Perdita salicis tristis,below,ex,solitary,oligolectic,0.764,0.057271284,0.074962414,0.84,0.8,0.76,0.7,0.72,no,yes,NA,NA,NA,NA,NA,NA,NA,NA,NA,0,1,0,1,NA,Perdita salicis tristis
Protosmia rubifloris,above,rent,solitary,polylectic,1.468852459,0.107248703,0.0730153,1.409836066,1.573770492,1.31147541,1.540983607,1.508196721,yes,yes,0.332320054,0.151520224,0.72885728,0.68812864,0.375822142,1.184495282,0.448901647,0.218786021,0.901813879,0,22,0,12,NA,Protosmia rubifloris
Sphecodes sp. 1,below,rent,solitary,parasite,0.895,0.095851448,0.107096589,1.05,0.925,0.825,0.825,0.85,no,yes,0.165432881,0.098027211,0.279188175,0.418351488,0.292939573,0.759940217,0.217585443,0.137522754,0.346183086,0,12,0,10,NA,Sphecodes sp. 1
Sphecodes sp. B,below,rent,solitary,parasite,0.98,0.037080992,0.037837747,0.975,1,0.925,1.025,0.975,no,yes,0.187975233,0.106165251,0.332827247,0.45827122,0.30661567,0.679680807,0.248445188,0.149728125,0.412530984,3,41,3,39,0.007880114,Sphecodes sp. B
Sphecodes sp. D,NA,rent,solitary,parasite,0.9375,NA,NA,NA,NA,NA,NA,NA,no,yes,NA,NA,NA,NA,NA,NA,NA,NA,NA,0,1,0,1,NA,Sphecodes sp. D
Stelis laticincta,NA,rent,solitary,parasite,2.292682927,NA,NA,NA,NA,NA,NA,NA,no,yes,NA,NA,NA,NA,NA,NA,NA,NA,NA,7,0,6,0,0.144094301,Stelis laticincta
Stelis montana,above,rent,solitary,parasite,2.292682927,NA,NA,2.292682927,NA,NA,NA,NA,yes,no,0.622031365,0.224099809,1.726565588,1.076242346,0.47014146,2.463721425,0.86063731,0.332080571,2.132149842,1,0,1,0,0.633930548,Stelis montana
Svastra obliqua expurgata,below,ex,solitary,oligolectic,3.336817663,0.333820606,0.100041609,3.56097561,3.512195122,3.658536585,3,2.952381,yes,yes,1.055108797,0.311680994,3.57177561,1.569046353,0.567802863,4.781915932,1.489643923,0.472060314,4.403631393,39,47,27,36,0.204616157,Svastra obliqua expurgata
Tetraloniella pomonae,below,ex,solitary,oligolectic,2.432,0.125379424,0.05155404,2.3,2.5,2.6,2.44,2.32,yes,no,NA,NA,NA,NA,NA,NA,NA,NA,NA,0,1,0,1,NA,Tetraloniella pomonae
Triepeolus concavus,below,rent,solitary,parasite,2.7125,0.16298006,0.060084815,2.59375,2.625,2.96875,2.59375,2.78125,no,yes,0.788190647,0.259795724,2.391280678,1.27428371,0.51162782,2.966855683,1.10045372,0.388761946,2.950856224,4,0,4,0,0.102858041,Triepeolus concavus
Triepeolus heterurus,NA,rent,solitary,parasite,1.653012,0.052792581,0.031937204,1.686747,1.686747,1.638554,1.686747,1.566265,no,yes,0.392448803,0.168097794,0.916228939,0.774817627,0.398823473,1.551790172,0.533507067,0.244397232,1.133067128,46,41,21,25,0.25980996,Triepeolus heterurus
Triepeolus melanarius,NA,rent,solitary,parasite,1.78213272,0.172686757,0.096898932,1.6666667,2,1.6666667,1.6385542,1.938776,no,yes,0.436288142,0.179586669,1.059919112,0.83562471,0.414197888,1.524050348,0.595510766,0.262246236,1.310335479,13,7,6,7,0.224434179,Triepeolus melanarius
Triepeolus nr. lestes,below,rent,solitary,parasite,2.15,0.201798554,0.093859792,2.0625,2,2.28125,2.4375,1.96875,no,yes,0.568226875,0.211793284,1.524513787,1.008970151,0.455191867,2.10080004,0.78347812,0.312672862,1.883159868,0,0,0,0,NA,Triepeolus nr. lestes
Triepeolus sp. 1,below,rent,solitary,parasite,1.9067767,NA,NA,NA,NA,NA,NA,NA,yes,no,NA,NA,NA,NA,NA,NA,NA,NA,NA,0,1,0,1,NA,Triepeolus sp. 1
Triepeolus sp. A,below,rent,solitary,parasite,1.666666667,0.130104125,0.078062475,1.8125,1.5625,1.625,NA,NA,no,yes,0.3970209,0.169317754,0.930945468,0.781247059,0.400476918,1.729285222,0.539961678,0.246288812,1.151225395,1,2,1,1,0.311803508,Triepeolus sp. A
Triepeolus sp. D,below,rent,solitary,parasite,1.21875,NA,NA,1.21875,NA,NA,NA,NA,no,yes,0.255517399,0.128592243,0.507722238,0.57047869,0.342148351,0.951183702,0.341703677,0.183673376,0.628713317,0,1,0,1,NA,Triepeolus sp. D
Triepeolus subnitens,NA,rent,solitary,parasite,2.4283334,0.132333347,0.054495543,2.533333,2.466667,2.266667,2.3125,2.5625,no,yes,0.674468404,0.235714023,1.929913296,1.140216468,0.483930986,2.863385965,0.936081983,0.350461417,2.382670683,18,5,10,4,0.296373662,Triepeolus subnitens
Triepeolus timberlakei,below,rent,solitary,parasite,1.642818815,0.070368836,0.042834204,1.707317073,1.686747,1.566265,1.566265,1.6875,yes,yes,0.389045764,0.167186301,0.905317036,0.770018223,0.397584748,1.580380416,0.528704726,0.242984531,1.119602848,6,0,6,0,0.106401041,Triepeolus timberlakei
Triepeolus utahensis,NA,rent,solitary,parasite,NA,NA,NA,NA,NA,NA,NA,NA,NA,NA,NA,NA,NA,NA,NA,NA,NA,NA,NA,6,0,5,0,0.110252665,Triepeolus utahensis
Xeromelecta californica,below,rent,solitary,parasite,2.554336154,0.353432028,0.138365511,2.146341463,2.766667,2.75,NA,NA,yes,yes,0.724260199,0.24643199,2.128590674,1.199655138,0.4964006,2.230735812,1.007929189,0.367477213,2.627380454,2,0,2,0,0.194783258,Xeromelecta californica
Xylocopa tabaniformis orpifex,above,ex,solitary,polylectic,5.84,0.415932687,0.07122135,5.4,6.3,6,6.1,5.4,yes,yes,2.320332398,0.509777768,10.56135198,2.753059711,0.752394928,8.952578211,3.376182534,0.797653429,12.98944585,28,1,13,1,0.536656853,Xylocopa tabaniformis orpifex
Xylocopa varipuncta,above,ex,solitary,polylectic,6.945,1.058913063,0.152471283,5.6,6.6,6.65,7.4375,8.4375,no,yes,2.961516401,0.593655932,14.77384275,3.27653976,0.820908575,9.456629951,4.349534352,0.938313387,18.15673403,13,0,5,0,0.514446096,Xylocopa varipuncta